campaign_id,channel,spend_clp,impressions,clicks,conversions,revenue_clp
1,LinkedIn,127794,45685,1047,19,5953156
2,Referral,130458,89497,3529,369,163260729
3,Referral,535188,81064,2166,212,29999484
4,Referral,247383,47143,1357,91,13871949
5,Organic,158529,111295,4547,232,114725624
6,Referral,579057,89689,993,40,13980440
7,Referral,599525,73517,2132,113,30319821
8,LinkedIn,478625,106510,1903,148,78999736
9,LinkedIn,119113,48213,379,32,8607168
10,LinkedIn,207677,48694,357,30,9102180
11,Referral,460997,21901,621,70,19761700
12,Organic,394432,111585,1030,91,46167030
13,Paid Search,493973,71648,1349,71,15230139
14,Paid Search,408332,105421,2523,97,18635931
15,Organic,130913,43770,1690,43,22538880
16,Paid Search,403123,119870,4245,122,38736098
17,Paid Search,220128,28703,1093,104,56593784
18,Referral,508933,10726,223,19,4646146
19,Paid Search,348768,103617,3594,223,89194425
20,LinkedIn,374500,110987,4013,441,97778520
21,Referral,511999,65513,2328,225,86325075
22,Organic,219930,112071,1365,107,26864811
23,Organic,553935,119572,2298,259,127681302
24,Paid Search,348910,15993,564,24,9339456
25,LinkedIn,508723,17021,728,27,9626040
26,Referral,77965,59381,367,24,5846760
27,LinkedIn,135569,54140,714,34,5846232
28,Paid Search,203143,23035,128,14,5147828
29,LinkedIn,541897,63799,1864,205,26642415
30,Referral,276130,114440,1159,131,57538868
31,Paid Search,166587,106734,1687,78,11312652
32,Referral,490218,88748,3243,204,36336684
33,LinkedIn,67233,87831,2207,89,17379475
34,Paid Search,500089,5205,152,6,2030406
35,Organic,139772,73614,3236,71,28102226
36,LinkedIn,459420,119469,2780,227,71667759
37,Organic,67031,51805,1882,96,48410112
38,Paid Search,398671,22486,130,9,4918608
39,Organic,537192,96146,2270,77,14683977
40,Organic,529911,9847,157,3,673737
41,Referral,380926,45642,1147,136,55039744
42,Organic,315618,9799,341,11,3378727
43,Referral,398048,40811,371,19,6264794
44,LinkedIn,455426,49438,2171,145,55222525
45,Referral,594500,39959,1472,134,21624920
46,LinkedIn,239222,76496,1227,31,9049644
47,Referral,371384,63447,1821,108,52016580
48,Referral,418623,63606,364,38,11583996
49,Referral,337892,88816,3923,449,71545007
50,Paid Search,430959,72251,2662,229,31218654
51,LinkedIn,509457,9561,87,3,1374753
52,Referral,429742,55181,2368,43,8619135
53,LinkedIn,438984,53760,1193,27,5189157
54,Organic,467368,46207,1415,58,10409782
55,LinkedIn,245085,70410,1776,196,35621040
56,Referral,322933,97279,2169,259,69858516
57,Referral,259902,21074,201,4,842084
58,LinkedIn,142055,111235,3554,368,105820608
59,Paid Search,118093,77089,2021,219,44364582
60,Paid Search,429052,71683,945,111,59414970
61,LinkedIn,298235,108595,2633,139,58385282
62,Organic,540110,110337,4888,139,22962939
63,Referral,374314,57187,2572,232,91782680
64,Organic,479322,112916,3113,87,24900531
65,Paid Search,521832,66057,2106,107,56611774
66,Paid Search,185300,61704,1518,161,29800456
67,LinkedIn,368897,26581,282,31,7384541
68,LinkedIn,594103,42230,1633,67,30347784
69,Paid Search,181250,86922,1426,101,38732793
70,LinkedIn,211684,27439,850,77,33669559
71,LinkedIn,93195,113165,4460,104,47455824
72,Referral,271048,105526,2897,231,31387818
73,Referral,353742,89136,3852,253,137097664
74,Referral,361882,64446,450,9,3154311
75,LinkedIn,557774,65875,814,64,18168512
76,Organic,412147,57260,536,28,11605048
77,Paid Search,384617,36685,848,36,8999280
78,Referral,151514,11632,184,10,4426350
79,LinkedIn,310330,118417,4854,487,205939638
80,Referral,249055,105023,1106,132,48146340
81,Referral,373528,70191,347,39,15014922
82,Referral,302422,33199,926,18,4815198
83,Paid Search,543446,42453,1103,114,39436020
84,Referral,327319,100355,1906,109,15665480
85,Organic,103642,79747,2155,114,30929340
86,Organic,455116,71093,1597,116,51823928
87,LinkedIn,184913,17672,356,35,10422230
88,Organic,201275,31090,892,50,7055250
89,Referral,90804,22961,763,75,29420925
90,LinkedIn,206175,84463,3430,101,44583824
91,LinkedIn,220395,56505,2520,233,64513972
92,LinkedIn,581958,113565,2827,187,77630058
93,Referral,547960,111921,524,26,4614064
94,Organic,372623,109432,4470,476,214158588
95,Paid Search,547643,39803,1737,168,88524576
96,Referral,103849,81483,1931,135,67244445
97,Organic,204954,112696,3596,65,31672810
98,Paid Search,250051,7482,165,9,3028590
99,Organic,480311,70774,2531,282,142632780
100,Referral,194789,72984,912,44,20556668
101,LinkedIn,445129,46124,1993,126,50338512
102,LinkedIn,421496,93587,3336,302,138098258
103,Paid Search,557699,30200,1306,57,15760443
104,Referral,362071,106079,1681,61,29866576
105,LinkedIn,382441,67888,1242,140,75182940
106,LinkedIn,351769,20974,577,41,13400768
107,LinkedIn,203591,43070,246,28,4520152
108,LinkedIn,513864,90979,1320,86,19430926
109,Paid Search,334815,22992,194,18,4418136
110,Organic,103231,92796,3815,147,35584731
111,Paid Search,155065,59172,1037,66,31491240
112,Referral,55433,77135,3401,107,49466421
113,LinkedIn,550641,90267,1099,127,36624768
114,Organic,112036,105758,810,60,24034380
115,Referral,233568,59773,2401,80,11124160
116,Organic,569447,29420,1247,144,39134016
117,LinkedIn,59717,44110,1203,31,9165398
118,Referral,526419,89058,2340,156,29696004
119,Referral,336090,30272,1124,55,27682435
120,LinkedIn,319761,99188,1153,106,56666434
121,Referral,252544,28002,813,66,21951138
122,Paid Search,590310,47982,362,30,6506340
123,Paid Search,550646,47415,2008,31,9954193
124,Organic,518436,103796,1551,76,32328652
125,Organic,324258,90679,1699,67,31497504
126,LinkedIn,538002,45213,476,41,20043506
127,Paid Search,173119,88717,3687,169,74738560
128,LinkedIn,279772,22507,531,33,14440173
129,Paid Search,486045,97004,2572,165,66299310
130,Referral,309486,94173,3290,350,57023050
131,Paid Search,429358,15237,633,16,6514000
132,Paid Search,207131,26566,463,32,5790176
133,Referral,562573,16919,691,42,6265098
134,Referral,188353,72272,1520,112,46252640
135,Paid Search,373139,99801,488,20,2431600
136,Organic,126577,10936,233,20,8074500
137,Paid Search,122371,66875,354,20,10463240
138,Referral,490781,54081,2417,133,42282828
139,LinkedIn,134148,94486,4112,439,83288836
140,Paid Search,174395,28392,1269,71,13260386
141,Referral,53642,104113,513,23,10881461
142,LinkedIn,447700,112919,1514,95,19126160
143,Referral,247636,119715,4037,108,58795092
144,Referral,66405,36544,454,11,1513633
145,Paid Search,101040,37077,1274,72,17485992
146,LinkedIn,109185,23367,576,26,14240356
147,Paid Search,386241,36051,590,17,7924397
148,Paid Search,483649,44387,678,49,21079947
149,Referral,497952,77856,1893,221,101059322
150,Referral,599939,46777,1522,88,24395976
151,LinkedIn,242811,103882,2706,109,25957805
152,Referral,201363,110614,2542,53,17827133
153,Organic,190606,55910,780,28,12853680
154,Organic,521635,116035,2229,158,34738986
155,Paid Search,331502,54436,1721,134,21193306
156,Organic,277558,67835,852,93,25943001
157,Referral,272096,29906,1299,35,18042010
158,LinkedIn,304377,96177,2768,100,24547800
159,LinkedIn,346809,54894,1268,105,29578710
160,Referral,427114,72215,2902,185,100067795
161,Paid Search,385788,31624,607,35,14522340
162,Referral,203011,7125,104,11,4660007
163,Paid Search,359531,24976,300,11,4606063
164,Referral,573555,77173,2379,206,52512078
165,Paid Search,564426,65401,712,70,14612010
166,Organic,562036,29123,1211,87,39714804
167,Organic,599395,9433,362,8,4390920
168,Paid Search,56693,59053,569,46,7159164
169,Referral,59585,33668,832,45,19976535
170,Organic,561552,7061,30,2,252426
171,Referral,338086,75220,3315,55,30048040
172,Paid Search,237974,19026,792,55,13548535
173,LinkedIn,314679,111851,2072,204,32931312
174,LinkedIn,475750,65161,1770,210,50066940
175,Organic,134532,90686,4049,337,46037907
176,Organic,474965,54710,1064,69,31314891
177,LinkedIn,229708,15837,387,23,12218497
178,Referral,149994,74226,3094,121,58437918
179,Organic,334263,11102,465,40,10679840
180,Paid Search,238066,116467,1967,228,97532700
181,Referral,467643,15084,245,18,7507998
182,Organic,397843,55311,1934,57,27439629
183,Paid Search,575119,102708,4513,93,32471880
184,Referral,129710,49642,1430,113,48846510
185,Referral,392230,8883,266,25,8905450
186,Referral,289220,51636,1377,74,16086120
187,Organic,139856,106209,3118,308,152113192
188,Paid Search,136023,40123,414,37,16736802
189,Referral,458548,46507,873,21,5914020
190,Referral,427400,104791,1578,45,9821115
191,Organic,520646,78005,2086,120,16052160
192,Referral,421106,77642,606,47,13634418
193,Paid Search,62940,43253,906,87,43502262
194,LinkedIn,596417,27227,873,28,7307720
195,Referral,331444,69634,695,22,5823026
196,Referral,364313,68469,2471,130,32406920
197,LinkedIn,255047,65012,545,25,8186400
198,Paid Search,448343,110391,4343,265,91627990
199,LinkedIn,365029,47030,1351,118,43794402
200,Referral,236266,57198,2500,114,55216812
