lead_id,account,segment,channel,score,status,days_in_stage
1,Lead-001,Mid-Market,Organic,55,Contacted,9
2,Lead-002,Mid-Market,Outbound,89,New,28
3,Lead-003,SMB,Organic,47,Contacted,39
4,Lead-004,SMB,Paid Search,89,Meeting,29
5,Lead-005,Mid-Market,Organic,40,Opportunity,22
6,Lead-006,SMB,Paid Search,63,New,25
7,Lead-007,SMB,LinkedIn,97,Contacted,3
8,Lead-008,Mid-Market,Event,35,Lost,25
9,Lead-009,SMB,LinkedIn,100,Opportunity,24
10,Lead-010,Mid-Market,Outbound,28,New,15
11,Lead-011,Mid-Market,Organic,49,Lost,25
12,Lead-012,SMB,Outbound,66,New,23
13,Lead-013,SMB,LinkedIn,29,Opportunity,11
14,Lead-014,Mid-Market,Paid Search,40,Meeting,18
15,Lead-015,Enterprise,Outbound,91,Contacted,21
16,Lead-016,Mid-Market,Organic,49,Won,21
17,Lead-017,SMB,Organic,47,Lost,37
18,Lead-018,Enterprise,LinkedIn,47,Opportunity,26
19,Lead-019,Enterprise,Outbound,78,New,9
20,Lead-020,SMB,Event,88,Contacted,38
21,Lead-021,SMB,Event,71,Contacted,9
22,Lead-022,Mid-Market,Organic,26,Lost,10
23,Lead-023,Mid-Market,Outbound,74,Opportunity,25
24,Lead-024,SMB,Referral,87,Contacted,36
25,Lead-025,Enterprise,Organic,34,Opportunity,35
26,Lead-026,Mid-Market,Outbound,63,New,28
27,Lead-027,SMB,Organic,53,Lost,12
28,Lead-028,Mid-Market,Organic,100,Contacted,41
29,Lead-029,Mid-Market,Paid Search,39,Contacted,11
30,Lead-030,Mid-Market,Event,20,Opportunity,32
31,Lead-031,SMB,LinkedIn,59,Contacted,16
32,Lead-032,Enterprise,Organic,30,Opportunity,5
33,Lead-033,Enterprise,Event,36,New,31
34,Lead-034,Enterprise,Paid Search,53,Meeting,39
35,Lead-035,SMB,Paid Search,89,Opportunity,45
36,Lead-036,SMB,LinkedIn,71,Lost,42
37,Lead-037,SMB,Event,77,New,15
38,Lead-038,SMB,Organic,95,Meeting,38
39,Lead-039,SMB,Organic,100,New,5
40,Lead-040,Enterprise,LinkedIn,29,Meeting,18
41,Lead-041,Mid-Market,Paid Search,89,New,37
42,Lead-042,Mid-Market,Paid Search,80,Won,13
43,Lead-043,SMB,Outbound,75,Contacted,27
44,Lead-044,SMB,Outbound,26,Opportunity,42
45,Lead-045,SMB,Referral,63,Won,7
46,Lead-046,SMB,Paid Search,88,Meeting,28
47,Lead-047,SMB,Referral,51,Lost,5
48,Lead-048,SMB,Event,32,New,35
49,Lead-049,Mid-Market,Organic,50,New,32
50,Lead-050,SMB,Referral,27,New,1
51,Lead-051,Enterprise,LinkedIn,78,Contacted,45
52,Lead-052,Enterprise,Event,82,New,19
53,Lead-053,SMB,Organic,94,Opportunity,4
54,Lead-054,Mid-Market,Organic,26,Opportunity,33
55,Lead-055,Enterprise,Event,40,New,33
56,Lead-056,SMB,Paid Search,28,Opportunity,44
57,Lead-057,Enterprise,Referral,35,Lost,37
58,Lead-058,SMB,Event,25,Opportunity,27
59,Lead-059,Mid-Market,Event,86,Contacted,17
60,Lead-060,SMB,Outbound,60,Contacted,26
61,Lead-061,SMB,Outbound,58,Meeting,5
62,Lead-062,SMB,Event,92,Lost,5
63,Lead-063,Mid-Market,Event,53,New,23
64,Lead-064,Enterprise,Paid Search,67,Contacted,29
65,Lead-065,Mid-Market,Outbound,58,Opportunity,42
66,Lead-066,Mid-Market,Outbound,90,Contacted,43
67,Lead-067,SMB,Paid Search,53,New,7
68,Lead-068,Mid-Market,Paid Search,54,Contacted,14
69,Lead-069,Mid-Market,Paid Search,53,Meeting,17
70,Lead-070,Enterprise,Organic,31,Opportunity,18
71,Lead-071,SMB,LinkedIn,36,Opportunity,17
72,Lead-072,SMB,Referral,90,Opportunity,36
73,Lead-073,SMB,Organic,39,Meeting,24
74,Lead-074,Mid-Market,Paid Search,75,New,20
75,Lead-075,SMB,Organic,65,Contacted,16
76,Lead-076,Mid-Market,LinkedIn,91,Lost,27
77,Lead-077,Enterprise,Outbound,39,Lost,16
78,Lead-078,Enterprise,Paid Search,72,New,22
79,Lead-079,Mid-Market,Referral,51,Contacted,45
80,Lead-080,SMB,Organic,80,Contacted,30
81,Lead-081,SMB,Paid Search,48,New,13
82,Lead-082,SMB,LinkedIn,28,Lost,18
83,Lead-083,SMB,Event,71,Opportunity,35
84,Lead-084,SMB,Organic,34,Lost,17
85,Lead-085,SMB,LinkedIn,24,New,28
86,Lead-086,SMB,LinkedIn,75,Opportunity,33
87,Lead-087,SMB,Event,44,Contacted,28
88,Lead-088,SMB,Event,45,Contacted,5
89,Lead-089,Enterprise,LinkedIn,99,Contacted,8
90,Lead-090,Mid-Market,LinkedIn,84,Contacted,27
91,Lead-091,SMB,Outbound,57,Meeting,13
92,Lead-092,SMB,Referral,42,Opportunity,20
93,Lead-093,SMB,Organic,58,Contacted,28
94,Lead-094,Mid-Market,Event,61,Meeting,29
95,Lead-095,Mid-Market,Event,80,Won,11
96,Lead-096,Mid-Market,LinkedIn,85,Opportunity,40
97,Lead-097,SMB,Paid Search,59,Contacted,13
98,Lead-098,SMB,Organic,51,Lost,40
99,Lead-099,Mid-Market,Organic,78,Meeting,41
100,Lead-100,Mid-Market,Outbound,69,Meeting,16
101,Lead-101,SMB,Outbound,20,Lost,7
102,Lead-102,Mid-Market,Paid Search,42,Won,45
103,Lead-103,Mid-Market,Organic,91,Contacted,8
104,Lead-104,SMB,Referral,87,Lost,39
105,Lead-105,SMB,Referral,98,Won,33
106,Lead-106,SMB,Event,77,Lost,31
107,Lead-107,SMB,Paid Search,55,Won,34
108,Lead-108,SMB,Paid Search,55,Meeting,19
109,Lead-109,SMB,LinkedIn,60,Lost,6
110,Lead-110,SMB,Paid Search,69,Opportunity,14
111,Lead-111,SMB,Referral,62,Meeting,27
112,Lead-112,SMB,Referral,69,Lost,38
113,Lead-113,Enterprise,Organic,93,Meeting,1
114,Lead-114,Enterprise,LinkedIn,69,Won,27
115,Lead-115,Mid-Market,Outbound,89,Won,15
116,Lead-116,SMB,LinkedIn,75,Meeting,25
117,Lead-117,SMB,Outbound,71,Opportunity,30
118,Lead-118,Enterprise,Event,88,New,26
119,Lead-119,Mid-Market,Outbound,23,New,28
120,Lead-120,SMB,Referral,43,New,25
121,Lead-121,SMB,Referral,61,Contacted,25
122,Lead-122,SMB,Referral,52,Won,31
123,Lead-123,SMB,Event,26,Lost,23
124,Lead-124,SMB,Organic,25,Opportunity,16
125,Lead-125,SMB,Organic,99,New,9
126,Lead-126,SMB,Organic,92,Lost,30
127,Lead-127,Mid-Market,LinkedIn,41,Opportunity,8
128,Lead-128,Mid-Market,Paid Search,59,New,2
129,Lead-129,Enterprise,Event,68,Meeting,13
130,Lead-130,SMB,Outbound,100,Contacted,45
131,Lead-131,Mid-Market,Outbound,96,Won,37
132,Lead-132,Mid-Market,LinkedIn,88,Meeting,24
133,Lead-133,SMB,Outbound,63,New,27
134,Lead-134,Mid-Market,Organic,75,Lost,41
135,Lead-135,Enterprise,Referral,39,Meeting,34
136,Lead-136,Enterprise,LinkedIn,98,Won,35
137,Lead-137,Mid-Market,Referral,75,Won,38
138,Lead-138,SMB,Paid Search,31,Contacted,29
139,Lead-139,SMB,Referral,92,Opportunity,25
140,Lead-140,SMB,Referral,61,Contacted,14
141,Lead-141,SMB,LinkedIn,63,Contacted,39
142,Lead-142,Mid-Market,LinkedIn,91,New,13
143,Lead-143,SMB,Outbound,72,Meeting,16
144,Lead-144,Mid-Market,Outbound,82,Meeting,2
145,Lead-145,SMB,Paid Search,71,Opportunity,20
146,Lead-146,Mid-Market,LinkedIn,80,Meeting,23
147,Lead-147,SMB,Outbound,90,Contacted,45
148,Lead-148,SMB,LinkedIn,52,Contacted,13
149,Lead-149,SMB,Outbound,88,Lost,45
150,Lead-150,SMB,Paid Search,81,Contacted,38
151,Lead-151,Enterprise,Event,96,Contacted,7
152,Lead-152,Mid-Market,LinkedIn,49,Contacted,20
153,Lead-153,SMB,Event,36,Contacted,4
154,Lead-154,Mid-Market,Outbound,36,Opportunity,32
155,Lead-155,SMB,Organic,93,Contacted,31
156,Lead-156,SMB,Paid Search,26,Contacted,31
157,Lead-157,SMB,Organic,71,Meeting,37
158,Lead-158,Mid-Market,Organic,39,New,37
159,Lead-159,Enterprise,Organic,51,New,27
160,Lead-160,Mid-Market,Event,48,Won,25
161,Lead-161,SMB,Referral,58,Lost,28
162,Lead-162,SMB,Event,27,Opportunity,7
163,Lead-163,Enterprise,Paid Search,100,Contacted,43
164,Lead-164,SMB,Paid Search,42,Meeting,11
165,Lead-165,SMB,Referral,96,Meeting,3
166,Lead-166,SMB,Outbound,56,Opportunity,30
167,Lead-167,SMB,Paid Search,53,Won,41
168,Lead-168,Mid-Market,Paid Search,74,New,15
169,Lead-169,Mid-Market,LinkedIn,38,New,11
170,Lead-170,Mid-Market,Event,92,Lost,29
171,Lead-171,SMB,Outbound,58,Opportunity,18
172,Lead-172,Mid-Market,Referral,76,New,3
173,Lead-173,Enterprise,Outbound,61,Opportunity,2
174,Lead-174,SMB,Outbound,93,Opportunity,2
175,Lead-175,Enterprise,Outbound,54,Opportunity,12
176,Lead-176,SMB,Outbound,76,Lost,12
177,Lead-177,Enterprise,Referral,82,Lost,31
178,Lead-178,SMB,LinkedIn,61,Opportunity,11
179,Lead-179,SMB,Outbound,83,Contacted,26
180,Lead-180,Mid-Market,Event,24,Meeting,21
181,Lead-181,SMB,Organic,71,Lost,1
182,Lead-182,Mid-Market,Event,79,Meeting,13
183,Lead-183,Mid-Market,Event,83,Opportunity,4
184,Lead-184,SMB,Event,36,Lost,29
185,Lead-185,Enterprise,Referral,35,New,41
186,Lead-186,Mid-Market,Paid Search,40,Contacted,1
187,Lead-187,Mid-Market,Organic,48,Lost,8
188,Lead-188,SMB,Organic,39,Meeting,19
189,Lead-189,Mid-Market,LinkedIn,73,Won,31
190,Lead-190,SMB,Event,38,Meeting,39
191,Lead-191,Mid-Market,Paid Search,28,Contacted,27
192,Lead-192,SMB,Event,54,Won,19
193,Lead-193,Mid-Market,Event,94,Lost,32
194,Lead-194,Enterprise,Referral,88,Meeting,22
195,Lead-195,Mid-Market,Event,68,Meeting,21
196,Lead-196,Enterprise,Outbound,50,Opportunity,15
197,Lead-197,Enterprise,Referral,25,Contacted,31
198,Lead-198,Mid-Market,Referral,69,Lost,42
199,Lead-199,Enterprise,Referral,24,New,38
200,Lead-200,SMB,Organic,76,New,30
201,Lead-201,SMB,Paid Search,72,Lost,10
202,Lead-202,SMB,LinkedIn,63,Opportunity,26
203,Lead-203,Mid-Market,LinkedIn,88,Meeting,21
204,Lead-204,Mid-Market,Referral,89,New,5
205,Lead-205,SMB,Outbound,56,Lost,6
206,Lead-206,SMB,Organic,32,Meeting,45
207,Lead-207,SMB,Organic,25,Contacted,4
208,Lead-208,SMB,LinkedIn,75,New,34
209,Lead-209,SMB,Outbound,43,New,6
210,Lead-210,Mid-Market,Referral,99,Opportunity,32
211,Lead-211,Enterprise,Paid Search,49,Meeting,17
212,Lead-212,SMB,Outbound,21,Lost,30
213,Lead-213,Enterprise,Outbound,89,New,29
214,Lead-214,Enterprise,Event,58,Opportunity,28
215,Lead-215,Mid-Market,Referral,58,Contacted,25
216,Lead-216,Enterprise,Organic,50,Meeting,23
217,Lead-217,Mid-Market,Outbound,57,New,43
218,Lead-218,SMB,Organic,92,Lost,4
219,Lead-219,Enterprise,Outbound,83,Won,19
220,Lead-220,Mid-Market,Paid Search,97,Won,15
221,Lead-221,Mid-Market,Event,52,Opportunity,43
222,Lead-222,Mid-Market,Paid Search,100,New,41
223,Lead-223,Mid-Market,LinkedIn,76,New,24
224,Lead-224,Mid-Market,Organic,57,Contacted,27
225,Lead-225,SMB,Paid Search,89,Lost,24
226,Lead-226,Mid-Market,LinkedIn,41,Contacted,31
227,Lead-227,Enterprise,LinkedIn,63,Won,30
228,Lead-228,Enterprise,Paid Search,48,Lost,44
229,Lead-229,Enterprise,Event,66,New,26
230,Lead-230,SMB,Event,35,Meeting,44
231,Lead-231,Mid-Market,LinkedIn,94,Meeting,41
232,Lead-232,Enterprise,Organic,49,Meeting,40
233,Lead-233,Enterprise,Event,61,Lost,15
234,Lead-234,Mid-Market,Outbound,79,Lost,20
235,Lead-235,Mid-Market,Organic,37,New,3
236,Lead-236,SMB,Referral,34,New,35
237,Lead-237,SMB,Referral,67,Opportunity,45
238,Lead-238,Enterprise,Referral,95,Opportunity,10
239,Lead-239,Enterprise,Outbound,32,Won,40
240,Lead-240,SMB,LinkedIn,24,Opportunity,14
241,Lead-241,SMB,Paid Search,66,New,44
242,Lead-242,SMB,Outbound,65,New,18
243,Lead-243,SMB,Organic,78,New,14
244,Lead-244,Mid-Market,Event,22,New,22
245,Lead-245,SMB,Paid Search,92,Contacted,36
246,Lead-246,SMB,Paid Search,49,Contacted,10
247,Lead-247,Mid-Market,Event,20,Contacted,10
248,Lead-248,Enterprise,Event,52,Won,8
249,Lead-249,Mid-Market,Organic,36,New,16
250,Lead-250,Mid-Market,Organic,42,Contacted,9
251,Lead-251,Mid-Market,Event,34,Opportunity,31
252,Lead-252,SMB,LinkedIn,85,Opportunity,29
253,Lead-253,Mid-Market,Event,25,Opportunity,43
254,Lead-254,Mid-Market,Referral,23,New,31
255,Lead-255,Mid-Market,Referral,33,Meeting,29
256,Lead-256,SMB,Organic,61,Opportunity,5
257,Lead-257,SMB,Event,94,Meeting,21
258,Lead-258,SMB,Event,87,Contacted,33
259,Lead-259,Mid-Market,Organic,34,Won,42
260,Lead-260,Enterprise,Event,47,Meeting,15
261,Lead-261,SMB,Referral,71,Meeting,7
262,Lead-262,SMB,LinkedIn,52,Contacted,10
263,Lead-263,Mid-Market,Referral,28,New,6
264,Lead-264,SMB,Organic,67,Won,36
265,Lead-265,SMB,Event,91,Contacted,8
266,Lead-266,SMB,Outbound,74,Lost,4
267,Lead-267,Enterprise,Event,59,Contacted,37
268,Lead-268,Mid-Market,Paid Search,81,Contacted,7
269,Lead-269,SMB,Event,67,New,18
270,Lead-270,Mid-Market,Referral,91,Lost,40
271,Lead-271,Mid-Market,Outbound,91,New,43
272,Lead-272,Mid-Market,LinkedIn,23,Contacted,45
273,Lead-273,Mid-Market,LinkedIn,64,New,10
274,Lead-274,Mid-Market,Referral,28,New,41
275,Lead-275,Enterprise,Organic,87,Contacted,27
276,Lead-276,SMB,Paid Search,67,Contacted,21
277,Lead-277,Mid-Market,Event,96,New,4
278,Lead-278,SMB,Event,26,Opportunity,18
279,Lead-279,SMB,Referral,82,Opportunity,27
280,Lead-280,SMB,Event,34,Contacted,8
281,Lead-281,SMB,Outbound,95,Meeting,43
282,Lead-282,SMB,Paid Search,70,Lost,4
283,Lead-283,SMB,LinkedIn,47,Won,17
284,Lead-284,SMB,Organic,20,Meeting,28
285,Lead-285,SMB,Referral,88,Opportunity,33
286,Lead-286,Mid-Market,Outbound,65,New,3
287,Lead-287,SMB,Referral,29,Lost,37
288,Lead-288,SMB,Referral,73,Contacted,26
289,Lead-289,SMB,LinkedIn,41,Won,40
290,Lead-290,SMB,Outbound,66,New,7
291,Lead-291,SMB,Event,71,Meeting,26
292,Lead-292,Enterprise,Outbound,63,Contacted,11
293,Lead-293,SMB,Outbound,34,Meeting,13
294,Lead-294,Enterprise,LinkedIn,64,Opportunity,42
295,Lead-295,Mid-Market,Paid Search,33,New,13
296,Lead-296,SMB,Paid Search,29,New,41
297,Lead-297,SMB,Event,94,Meeting,37
298,Lead-298,Mid-Market,Event,61,Lost,41
299,Lead-299,SMB,Referral,28,Meeting,41
300,Lead-300,SMB,LinkedIn,95,New,33
